step,amount,type,recipient,channel,is_gambling,account_id,profile,is_at_risk,is_seed
7,157500.0,PAYMENT,merchant,ewallet,False,SEED_001,normal,0,True
23,354000.0,TRANSFER,family,transfer,False,SEED_001,normal,0,True
45,250000.0,PAYMENT,utility,ewallet,False,SEED_001,normal,0,True
93,315000.0,PAYMENT,merchant,ewallet,False,SEED_001,normal,0,True
138,157000.0,TRANSFER,family,transfer,False,SEED_001,normal,0,True
172,210000.0,PAYMENT,merchant,ewallet,False,SEED_001,normal,0,True
201,172500.0,PAYMENT,utility,ewallet,False,SEED_001,normal,0,True
232,400000.0,TRANSFER,family,transfer,False,SEED_001,normal,0,True
268,185000.0,PAYMENT,merchant,ewallet,False,SEED_001,normal,0,True
312,298500.0,PAYMENT,utility,ewallet,False,SEED_001,normal,0,True
341,150000.0,TRANSFER,family,transfer,False,SEED_001,normal,0,True
378,197000.0,PAYMENT,merchant,ewallet,False,SEED_001,normal,0,True
421,320000.0,TRANSFER,family,transfer,False,SEED_001,normal,0,True
445,255000.0,PAYMENT,utility,ewallet,False,SEED_001,normal,0,True
468,180000.0,TRANSFER,family,transfer,False,SEED_001,normal,0,True
508,197500.0,PAYMENT,merchant,ewallet,False,SEED_001,normal,0,True
530,320500.0,PAYMENT,utility,ewallet,False,SEED_001,normal,0,True
562,156000.0,TRANSFER,family,transfer,False,SEED_001,normal,0,True
603,189500.0,PAYMENT,merchant,ewallet,False,SEED_001,normal,0,True
625,400000.0,TRANSFER,family,transfer,False,SEED_001,normal,0,True
652,180500.0,PAYMENT,utility,ewallet,False,SEED_001,normal,0,True
673,250000.0,PAYMENT,merchant,ewallet,False,SEED_001,normal,0,True
702,175500.0,TRANSFER,family,transfer,False,SEED_001,normal,0,True
721,315000.0,PAYMENT,utility,ewallet,False,SEED_001,normal,0,True
742,230500.0,PAYMENT,merchant,ewallet,False,SEED_001,normal,0,True
765,184000.0,TRANSFER,family,transfer,False,SEED_001,normal,0,True
789,198500.0,PAYMENT,utility,ewallet,False,SEED_001,normal,0,True
808,392000.0,TRANSFER,family,transfer,False,SEED_001,normal,0,True
8,200000.0,PAYMENT,merchant,ewallet,False,SEED_002,normal,0,True
32,150000.0,TRANSFER,family,transfer,False,SEED_002,normal,0,True
76,50000.0,PAYMENT,merchant,ewallet,False,SEED_002,normal,0,True
94,250000.0,PAYMENT,utility,ewallet,False,SEED_002,normal,0,True
120,300000.0,TRANSFER,family,transfer,False,SEED_002,normal,0,True
148,180000.0,PAYMENT,merchant,ewallet,False,SEED_002,normal,0,True
189,150000.0,PAYMENT,utility,ewallet,False,SEED_002,normal,0,True
205,400000.0,TRANSFER,family,transfer,False,SEED_002,normal,0,True
236,350000.0,PAYMENT,merchant,ewallet,False,SEED_002,normal,0,True
270,220000.0,TRANSFER,family,transfer,False,SEED_002,normal,0,True
298,180000.0,PAYMENT,utility,ewallet,False,SEED_002,normal,0,True
328,150000.0,PAYMENT,merchant,ewallet,False,SEED_002,normal,0,True
362,200000.0,TRANSFER,family,transfer,False,SEED_002,normal,0,True
390,300000.0,PAYMENT,merchant,ewallet,False,SEED_002,normal,0,True
414,250000.0,PAYMENT,utility,ewallet,False,SEED_002,normal,0,True
440,150000.0,TRANSFER,family,transfer,False,SEED_002,normal,0,True
469,180000.0,PAYMENT,merchant,ewallet,False,SEED_002,normal,0,True
486,350000.0,TRANSFER,family,transfer,False,SEED_002,normal,0,True
510,300000.0,PAYMENT,utility,ewallet,False,SEED_002,normal,0,True
538,220000.0,PAYMENT,merchant,ewallet,False,SEED_002,normal,0,True
562,400000.0,TRANSFER,family,transfer,False,SEED_002,normal,0,True
590,150000.0,PAYMENT,utility,ewallet,False,SEED_002,normal,0,True
620,300000.0,PAYMENT,merchant,ewallet,False,SEED_002,normal,0,True
654,180000.0,TRANSFER,family,transfer,False,SEED_002,normal,0,True
675,250000.0,PAYMENT,utility,ewallet,False,SEED_002,normal,0,True
700,200000.0,PAYMENT,merchant,ewallet,False,SEED_002,normal,0,True
728,350000.0,TRANSFER,family,transfer,False,SEED_002,normal,0,True
12,275000.0,PAYMENT,merchant,ewallet,False,SEED_003,normal,0,True
24,150000.0,TRANSFER,family,transfer,False,SEED_003,normal,0,True
36,50000.0,PAYMENT,utility,ewallet,False,SEED_003,normal,0,True
48,350000.0,PAYMENT,merchant,ewallet,False,SEED_003,normal,0,True
72,120000.0,TRANSFER,family,transfer,False,SEED_003,normal,0,True
84,175000.0,PAYMENT,utility,ewallet,False,SEED_003,normal,0,True
96,300000.0,PAYMENT,merchant,ewallet,False,SEED_003,normal,0,True
108,160000.0,TRANSFER,family,transfer,False,SEED_003,normal,0,True
132,220000.0,PAYMENT,utility,ewallet,False,SEED_003,normal,0,True
144,180000.0,PAYMENT,merchant,ewallet,False,SEED_003,normal,0,True
156,35000.0,TRANSFER,family,transfer,False,SEED_003,normal,0,True
168,275000.0,PAYMENT,utility,ewallet,False,SEED_003,normal,0,True
192,150000.0,TRANSFER,family,transfer,False,SEED_003,normal,0,True
204,300000.0,PAYMENT,merchant,ewallet,False,SEED_003,normal,0,True
216,185000.0,PAYMENT,utility,ewallet,False,SEED_003,normal,0,True
228,275000.0,TRANSFER,family,transfer,False,SEED_003,normal,0,True
252,120000.0,PAYMENT,merchant,ewallet,False,SEED_003,normal,0,True
264,160000.0,PAYMENT,utility,ewallet,False,SEED_003,normal,0,True
276,280000.0,TRANSFER,family,transfer,False,SEED_003,normal,0,True
288,175000.0,PAYMENT,merchant,ewallet,False,SEED_003,normal,0,True
312,220000.0,PAYMENT,utility,ewallet,False,SEED_003,normal,0,True
324,90000.0,TRANSFER,family,transfer,False,SEED_003,normal,0,True
336,280000.0,PAYMENT,merchant,ewallet,False,SEED_003,normal,0,True
348,30000.0,TRANSFER,family,transfer,False,SEED_003,normal,0,True
372,400000.0,PAYMENT,utility,ewallet,False,SEED_003,normal,0,True
384,200000.0,TRANSFER,family,transfer,False,SEED_003,normal,0,True
396,275000.0,PAYMENT,merchant,ewallet,False,SEED_003,normal,0,True
408,300000.0,PAYMENT,utility,ewallet,False,SEED_003,normal,0,True
7,120000.0,PAYMENT,merchant,ewallet,False,SEED_004,normal,0,True
21,250000.0,TRANSFER,family,transfer,False,SEED_004,normal,0,True
55,180000.0,PAYMENT,utility,ewallet,False,SEED_004,normal,0,True
69,35000.0,PAYMENT,merchant,ewallet,False,SEED_004,normal,0,True
103,170000.0,TRANSFER,family,transfer,False,SEED_004,normal,0,True
140,95000.0,PAYMENT,utility,ewallet,False,SEED_004,normal,0,True
160,220000.0,PAYMENT,merchant,ewallet,False,SEED_004,normal,0,True
199,187000.0,TRANSFER,family,transfer,False,SEED_004,normal,0,True
223,40000.0,PAYMENT,utility,ewallet,False,SEED_004,normal,0,True
260,340000.0,PAYMENT,merchant,ewallet,False,SEED_004,normal,0,True
298,215000.0,TRANSFER,family,transfer,False,SEED_004,normal,0,True
315,80000.0,PAYMENT,utility,ewallet,False,SEED_004,normal,0,True
340,175000.0,PAYMENT,merchant,ewallet,False,SEED_004,normal,0,True
374,270000.0,TRANSFER,family,transfer,False,SEED_004,normal,0,True
390,60000.0,PAYMENT,utility,ewallet,False,SEED_004,normal,0,True
417,300000.0,PAYMENT,merchant,ewallet,False,SEED_004,normal,0,True
450,150000.0,TRANSFER,family,transfer,False,SEED_004,normal,0,True
469,95000.0,PAYMENT,utility,ewallet,False,SEED_004,normal,0,True
490,200000.0,PAYMENT,merchant,ewallet,False,SEED_004,normal,0,True
523,320000.0,TRANSFER,family,transfer,False,SEED_004,normal,0,True
540,40000.0,PAYMENT,utility,ewallet,False,SEED_004,normal,0,True
561,130000.0,PAYMENT,merchant,ewallet,False,SEED_004,normal,0,True
590,400000.0,TRANSFER,family,transfer,False,SEED_004,normal,0,True
614,55000.0,PAYMENT,utility,ewallet,False,SEED_004,normal,0,True
640,195000.0,PAYMENT,merchant,ewallet,False,SEED_004,normal,0,True
669,300000.0,TRANSFER,family,transfer,False,SEED_004,normal,0,True
671,100000.0,PAYMENT,utility,ewallet,False,SEED_004,normal,0,True
672,150000.0,PAYMENT,merchant,ewallet,False,SEED_004,normal,0,True
15,75400.0,PAYMENT,merchant,ewallet,False,SEED_005,normal,0,True
38,120000.0,TRANSFER,family,transfer,False,SEED_005,normal,0,True
95,184000.0,PAYMENT,utility,ewallet,False,SEED_005,normal,0,True
127,45000.0,PAYMENT,merchant,ewallet,False,SEED_005,normal,0,True
162,200000.0,TRANSFER,family,transfer,False,SEED_005,normal,0,True
215,95000.0,PAYMENT,merchant,ewallet,False,SEED_005,normal,0,True
244,150000.0,TRANSFER,family,transfer,False,SEED_005,normal,0,True
298,73000.0,PAYMENT,utility,ewallet,False,SEED_005,normal,0,True
320,380000.0,TRANSFER,family,transfer,False,SEED_005,normal,0,True
378,185000.0,PAYMENT,merchant,ewallet,False,SEED_005,normal,0,True
411,40000.0,PAYMENT,utility,ewallet,False,SEED_005,normal,0,True
430,155000.0,TRANSFER,family,transfer,False,SEED_005,normal,0,True
498,270000.0,PAYMENT,merchant,ewallet,False,SEED_005,normal,0,True
521,125000.0,TRANSFER,family,transfer,False,SEED_005,normal,0,True
598,80000.0,PAYMENT,utility,ewallet,False,SEED_005,normal,0,True
616,305000.0,TRANSFER,family,transfer,False,SEED_005,normal,0,True
672,95000.0,PAYMENT,merchant,ewallet,False,SEED_005,normal,0,True
689,220000.0,TRANSFER,family,transfer,False,SEED_005,normal,0,True
738,87000.0,PAYMENT,utility,ewallet,False,SEED_005,normal,0,True
775,155000.0,TRANSFER,family,transfer,False,SEED_005,normal,0,True
816,160000.0,PAYMENT,merchant,ewallet,False,SEED_005,normal,0,True
839,150000.0,TRANSFER,family,transfer,False,SEED_005,normal,0,True
878,40000.0,PAYMENT,utility,ewallet,False,SEED_005,normal,0,True
901,300000.0,TRANSFER,family,transfer,False,SEED_005,normal,0,True
960,185000.0,PAYMENT,merchant,ewallet,False,SEED_005,normal,0,True
986,110000.0,TRANSFER,family,transfer,False,SEED_005,normal,0,True
1038,40000.0,PAYMENT,utility,ewallet,False,SEED_005,normal,0,True
1067,190000.0,TRANSFER,family,transfer,False,SEED_005,normal,0,True
1,100000.0,TOP_UP,merchant,ewallet,False,SEED_006,early_stage,0,True
3,50000.0,PAYMENT,utility,ewallet,False,SEED_006,early_stage,0,True
40,75000.0,TRANSFER,family,transfer,False,SEED_006,early_stage,0,True
60,120000.0,TRANSFER,merchant,transfer,False,SEED_006,early_stage,0,True
120,50000.0,PAYMENT,utility,qris,False,SEED_006,early_stage,0,True
140,90000.0,TRANSFER,family,transfer,False,SEED_006,early_stage,0,True
200,100000.0,PAYMENT,merchant,ewallet,False,SEED_006,early_stage,0,True
220,50000.0,TRANSFER,utility,qris,False,SEED_006,early_stage,0,True
240,125000.0,PAYMENT,merchant,ewallet,False,SEED_006,early_stage,0,True
280,75000.0,TRANSFER,utility,transfer,False,SEED_006,early_stage,0,True
300,150000.0,PAYMENT,merchant,qris,False,SEED_006,early_stage,0,True
320,50000.0,TRANSFER,utility,transfer,False,SEED_006,early_stage,0,True
360,90000.0,TOP_UP,merchant,ewallet,False,SEED_006,early_stage,0,True
380,75000.0,TRANSFER,family,transfer,False,SEED_006,early_stage,0,True
400,150000.0,TRANSFER,unknown_agent,transfer,True,SEED_006,early_stage,0,True
420,50000.0,PAYMENT,merchant,ewallet,False,SEED_006,early_stage,0,True
460,100000.0,TRANSFER,utility,transfer,False,SEED_006,early_stage,0,True
480,75000.0,TRANSFER,unknown_agent,transfer,True,SEED_006,early_stage,0,True
500,125000.0,PAYMENT,merchant,ewallet,False,SEED_006,early_stage,0,True
520,50000.0,PAYMENT,merchant,qris,False,SEED_006,early_stage,0,True
540,150000.0,TRANSFER,utility,transfer,False,SEED_006,early_stage,0,True
560,75000.0,TRANSFER,utility,qris,False,SEED_006,early_stage,0,True
580,125000.0,TRANSFER,unknown_agent,transfer,True,SEED_006,early_stage,0,True
600,50000.0,PAYMENT,merchant,ewallet,False,SEED_006,early_stage,0,True
640,100000.0,TRANSFER,merchant,qris,False,SEED_006,early_stage,0,True
660,90000.0,PAYMENT,utility,transfer,False,SEED_006,early_stage,0,True
680,75000.0,TRANSFER,unknown_agent,transfer,True,SEED_006,early_stage,0,True
700,150000.0,TRANSFER,merchant,ewallet,False,SEED_006,early_stage,0,True
720,50000.0,PAYMENT,utility,qris,False,SEED_006,early_stage,0,True
740,100000.0,PAYMENT,merchant,transfer,False,SEED_006,early_stage,0,True
760,125000.0,TRANSFER,unknown_agent,transfer,True,SEED_006,early_stage,0,True
780,50000.0,TRANSFER,utility,qris,False,SEED_006,early_stage,0,True
800,75000.0,TRANSFER,family,transfer,False,SEED_006,early_stage,0,True
820,150000.0,PAYMENT,merchant,ewallet,False,SEED_006,early_stage,0,True
1,50000.0,PAYMENT,merchant,qris,False,SEED_007,early_stage,0,True
23,100000.0,TRANSFER,family,transfer,False,SEED_007,early_stage,0,True
45,75000.0,PAYMENT,utility,ewallet,False,SEED_007,early_stage,0,True
67,30000.0,TOP_UP,merchant,ewallet,False,SEED_007,early_stage,0,True
89,90000.0,TRANSFER,merchant,transfer,False,SEED_007,early_stage,0,True
111,120000.0,PAYMENT,utility,qris,False,SEED_007,early_stage,0,True
133,40000.0,TRANSFER,family,ewallet,False,SEED_007,early_stage,0,True
156,150000.0,TRANSFER,unknown_agent,transfer,True,SEED_007,early_stage,0,True
178,75000.0,PAYMENT,merchant,qris,False,SEED_007,early_stage,0,True
201,100000.0,TRANSFER,utility,transfer,False,SEED_007,early_stage,0,True
223,50000.0,TOP_UP,merchant,ewallet,False,SEED_007,early_stage,0,True
245,60000.0,PAYMENT,utility,ewallet,False,SEED_007,early_stage,0,True
268,125000.0,TRANSFER,unknown_agent,transfer,True,SEED_007,early_stage,0,True
290,80000.0,TRANSFER,merchant,transfer,False,SEED_007,early_stage,0,True
313,60000.0,PAYMENT,utility,ewallet,False,SEED_007,early_stage,0,True
335,100000.0,TRANSFER,family,transfer,False,SEED_007,early_stage,0,True
12,45000.0,PAYMENT,merchant,qris,False,SEED_007,early_stage,0,True
34,30000.0,TRANSFER,family,ewallet,False,SEED_007,early_stage,0,True
56,75000.0,PAYMENT,utility,ewallet,False,SEED_007,early_stage,0,True
78,80000.0,TRANSFER,merchant,transfer,False,SEED_007,early_stage,0,True
100,50000.0,TOP_UP,merchant,ewallet,False,SEED_007,early_stage,0,True
122,60000.0,PAYMENT,utility,qris,False,SEED_007,early_stage,0,True
144,60000.0,TRANSFER,family,ewallet,False,SEED_007,early_stage,0,True
167,50000.0,TRANSFER,unknown_agent,transfer,True,SEED_007,early_stage,0,True
189,75000.0,PAYMENT,merchant,ewallet,False,SEED_007,early_stage,0,True
212,40000.0,TRANSFER,utility,transfer,False,SEED_007,early_stage,0,True
234,65000.0,TOP_UP,merchant,ewallet,False,SEED_007,early_stage,0,True
256,90000.0,PAYMENT,utility,qris,False,SEED_007,early_stage,0,True
279,140000.0,TRANSFER,unknown_agent,transfer,True,SEED_007,early_stage,0,True
301,85000.0,TRANSFER,merchant,transfer,False,SEED_007,early_stage,0,True
324,70000.0,PAYMENT,utility,ewallet,False,SEED_007,early_stage,0,True
345,110000.0,TRANSFER,family,transfer,False,SEED_007,early_stage,0,True
15,45000.0,PAYMENT,merchant,qris,False,SEED_007,early_stage,0,True
37,30000.0,TRANSFER,family,ewallet,False,SEED_007,early_stage,0,True
1,120000.0,TOP_UP,merchant,ewallet,False,SEED_008,early_stage,0,True
10,50000.0,PAYMENT,utility,qris,False,SEED_008,early_stage,0,True
25,80000.0,TRANSFER,family,transfer,False,SEED_008,early_stage,0,True
45,30000.0,PAYMENT,merchant,ewallet,False,SEED_008,early_stage,0,True
60,45000.0,TRANSFER,family,transfer,False,SEED_008,early_stage,0,True
85,65000.0,PAYMENT,merchant,qris,False,SEED_008,early_stage,0,True
110,150000.0,TOP_UP,merchant,ewallet,False,SEED_008,early_stage,0,True
135,50000.0,PAYMENT,utility,qris,False,SEED_008,early_stage,0,True
155,75000.0,TRANSFER,family,transfer,False,SEED_008,early_stage,0,True
185,90000.0,PAYMENT,merchant,ewallet,False,SEED_008,early_stage,0,True
200,130000.0,TOP_UP,merchant,ewallet,False,SEED_008,early_stage,0,True
225,150000.0,TRANSFER,unknown_agent,transfer,True,SEED_008,early_stage,0,True
245,50000.0,PAYMENT,utility,qris,False,SEED_008,early_stage,0,True
260,100000.0,TRANSFER,unknown_agent,transfer,True,SEED_008,early_stage,0,True
280,70000.0,PAYMENT,merchant,qris,False,SEED_008,early_stage,0,True
305,50000.0,TRANSFER,unknown_agent,transfer,True,SEED_008,early_stage,0,True
320,80000.0,TOP_UP,merchant,ewallet,False,SEED_008,early_stage,0,True
335,100000.0,TRANSFER,unknown_agent,transfer,True,SEED_008,early_stage,0,True
338,40000.0,PAYMENT,merchant,ewallet,False,SEED_008,early_stage,0,True
342,75000.0,TRANSFER,unknown_agent,transfer,True,SEED_008,early_stage,0,True
345,50000.0,PAYMENT,utility,qris,False,SEED_008,early_stage,0,True
350,95000.0,TOP_UP,merchant,ewallet,False,SEED_008,early_stage,0,True
355,120000.0,TRANSFER,unknown_agent,transfer,True,SEED_008,early_stage,0,True
360,110000.0,PAYMENT,merchant,qris,False,SEED_008,early_stage,0,True
365,95000.0,TOP_UP,merchant,ewallet,False,SEED_008,early_stage,0,True
370,50000.0,TRANSFER,unknown_agent,transfer,True,SEED_008,early_stage,0,True
375,80000.0,PAYMENT,merchant,qris,False,SEED_008,early_stage,0,True
380,70000.0,TOP_UP,merchant,ewallet,False,SEED_008,early_stage,0,True
385,100000.0,TRANSFER,unknown_agent,transfer,True,SEED_008,early_stage,0,True
390,50000.0,PAYMENT,utility,qris,False,SEED_008,early_stage,0,True
395,95000.0,TOP_UP,merchant,ewallet,False,SEED_008,early_stage,0,True
400,120000.0,TRANSFER,unknown_agent,transfer,True,SEED_008,early_stage,0,True
405,110000.0,PAYMENT,merchant,qris,False,SEED_008,early_stage,0,True
410,50000.0,TRANSFER,unknown_agent,transfer,True,SEED_008,early_stage,0,True
1,50000.0,TOP_UP,utility,ewallet,False,SEED_009,early_stage,0,True
22,20000.0,PAYMENT,merchant,qris,False,SEED_009,early_stage,0,True
45,150000.0,TRANSFER,family,transfer,False,SEED_009,early_stage,0,True
71,30000.0,PAYMENT,merchant,ewallet,False,SEED_009,early_stage,0,True
94,100000.0,TRANSFER,utility,transfer,False,SEED_009,early_stage,0,True
121,50000.0,TOP_UP,utility,ewallet,False,SEED_009,early_stage,0,True
144,25000.0,PAYMENT,merchant,qris,False,SEED_009,early_stage,0,True
168,70000.0,TRANSFER,family,transfer,False,SEED_009,early_stage,0,True
190,150000.0,TRANSFER,unknown_agent,transfer,True,SEED_009,early_stage,0,True
210,50000.0,PAYMENT,merchant,ewallet,False,SEED_009,early_stage,0,True
231,125000.0,TRANSFER,unknown_agent,transfer,True,SEED_009,early_stage,0,True
254,30000.0,TOP_UP,utility,ewallet,False,SEED_009,early_stage,0,True
275,50000.0,PAYMENT,merchant,qris,False,SEED_009,early_stage,0,True
301,100000.0,TRANSFER,unknown_agent,transfer,True,SEED_009,early_stage,0,True
322,75000.0,TRANSFER,utility,transfer,False,SEED_009,early_stage,0,True
18,50000.0,TOP_UP,utility,ewallet,False,SEED_009,early_stage,0,True
39,20000.0,PAYMENT,merchant,qris,False,SEED_009,early_stage,0,True
60,100000.0,TRANSFER,family,transfer,False,SEED_009,early_stage,0,True
82,30000.0,PAYMENT,merchant,ewallet,False,SEED_009,early_stage,0,True
105,200000.0,TRANSFER,utility,transfer,False,SEED_009,early_stage,0,True
128,50000.0,TOP_UP,utility,ewallet,False,SEED_009,early_stage,0,True
149,25000.0,PAYMENT,merchant,qris,False,SEED_009,early_stage,0,True
171,75000.0,TRANSFER,family,transfer,False,SEED_009,early_stage,0,True
193,50000.0,TRANSFER,unknown_agent,transfer,True,SEED_009,early_stage,0,True
214,30000.0,PAYMENT,merchant,ewallet,False,SEED_009,early_stage,0,True
236,125000.0,TRANSFER,unknown_agent,transfer,True,SEED_009,early_stage,0,True
258,30000.0,TOP_UP,utility,ewallet,False,SEED_009,early_stage,0,True
279,50000.0,PAYMENT,merchant,qris,False,SEED_009,early_stage,0,True
303,75000.0,TRANSFER,unknown_agent,transfer,True,SEED_009,early_stage,0,True
325,50000.0,TRANSFER,utility,transfer,False,SEED_009,early_stage,0,True
15,50000.0,TOP_UP,utility,ewallet,False,SEED_009,early_stage,0,True
36,20000.0,PAYMENT,merchant,qris,False,SEED_009,early_stage,0,True
58,100000.0,TRANSFER,family,transfer,False,SEED_009,early_stage,0,True
80,30000.0,PAYMENT,merchant,ewallet,False,SEED_009,early_stage,0,True
102,200000.0,TRANSFER,utility,transfer,False,SEED_009,early_stage,0,True
1,25000.0,PAYMENT,merchant,ewallet,False,SEED_010,early_stage,0,True
3,50000.0,TRANSFER,family,transfer,False,SEED_010,early_stage,0,True
20,75000.0,PAYMENT,utility,qris,False,SEED_010,early_stage,0,True
40,30000.0,PAYMENT,merchant,ewallet,False,SEED_010,early_stage,0,True
70,100000.0,PAYMENT,merchant,ewallet,False,SEED_010,early_stage,0,True
100,45000.0,TRANSFER,utility,transfer,False,SEED_010,early_stage,0,True
120,50000.0,TOP_UP,merchant,ewallet,False,SEED_010,early_stage,0,True
140,75000.0,PAYMENT,merchant,ewallet,False,SEED_010,early_stage,0,True
160,150000.0,TRANSFER,family,transfer,False,SEED_010,early_stage,0,True
180,50000.0,PAYMENT,utility,qris,False,SEED_010,early_stage,0,True
220,50000.0,TRANSFER,merchant,transfer,False,SEED_010,early_stage,0,True
240,60000.0,PAYMENT,utility,qris,False,SEED_010,early_stage,0,True
260,50000.0,TRANSFER,merchant,transfer,False,SEED_010,early_stage,0,True
280,55000.0,TRANSFER,unknown_agent,ewallet,True,SEED_010,early_stage,0,True
300,150000.0,TRANSFER,unknown_agent,ewallet,True,SEED_010,early_stage,0,True
320,125000.0,PAYMENT,utility,qris,False,SEED_010,early_stage,0,True
325,65000.0,TRANSFER,merchant,transfer,False,SEED_010,early_stage,0,True
330,75000.0,PAYMENT,merchant,ewallet,False,SEED_010,early_stage,0,True
332,100000.0,TRANSFER,merchant,transfer,False,SEED_010,early_stage,0,True
333,60000.0,TRANSFER,unknown_agent,ewallet,True,SEED_010,early_stage,0,True
334,75000.0,TRANSFER,unknown_agent,transfer,True,SEED_010,early_stage,0,True
335,50000.0,TRANSFER,unknown_agent,ewallet,True,SEED_010,early_stage,0,True
336,125000.0,TRANSFER,merchant,transfer,False,SEED_010,early_stage,0,True
337,70000.0,PAYMENT,merchant,ewallet,False,SEED_010,early_stage,0,True
338,80000.0,TRANSFER,family,transfer,False,SEED_010,early_stage,0,True
339,55000.0,TRANSFER,unknown_agent,ewallet,True,SEED_010,early_stage,0,True
340,60000.0,PAYMENT,merchant,ewallet,False,SEED_010,early_stage,0,True
341,40000.0,PAYMENT,utility,transfer,False,SEED_010,early_stage,0,True
342,75000.0,TRANSFER,unknown_agent,ewallet,True,SEED_010,early_stage,0,True
343,135000.0,TRANSFER,unknown_agent,ewallet,True,SEED_010,early_stage,0,True
344,30000.0,PAYMENT,merchant,ewallet,False,SEED_010,early_stage,0,True
345,75000.0,TRANSFER,unknown_agent,ewallet,True,SEED_010,early_stage,0,True
346,80000.0,PAYMENT,utility,transfer,False,SEED_010,early_stage,0,True
347,50000.0,TRANSFER,unknown_agent,ewallet,True,SEED_010,early_stage,0,True
1,150000.0,PAYMENT,merchant,ewallet,False,SEED_011,escalating,1,True
3,200000.0,TRANSFER,family,transfer,False,SEED_011,escalating,1,True
5,50000.0,TOP_UP,merchant,qris,False,SEED_011,escalating,1,True
7,300000.0,PAYMENT,merchant,ewallet,False,SEED_011,escalating,1,True
25,100000.0,TRANSFER,family,transfer,False,SEED_011,escalating,1,True
35,250000.0,PAYMENT,merchant,qris,False,SEED_011,escalating,1,True
50,150000.0,PAYMENT,merchant,ewallet,False,SEED_011,escalating,1,True
75,200000.0,TRANSFER,family,transfer,False,SEED_011,escalating,1,True
115,50000.0,TOP_UP,merchant,qris,False,SEED_011,escalating,1,True
130,300000.0,PAYMENT,merchant,ewallet,False,SEED_011,escalating,1,True
140,80000.0,TRANSFER,family,transfer,False,SEED_011,escalating,1,True
145,50000.0,PAYMENT,merchant,ewallet,False,SEED_011,escalating,1,True
170,70000.0,PAYMENT,merchant,qris,False,SEED_011,escalating,1,True
200,20000.0,PAYMENT,gambling_agent,ewallet,True,SEED_011,escalating,1,True
210,30000.0,TRANSFER,gambling_agent,transfer,True,SEED_011,escalating,1,True
215,50000.0,PAYMENT,merchant,qris,False,SEED_011,escalating,1,True
220,20000.0,PAYMENT,gambling_agent,ewallet,True,SEED_011,escalating,1,True
230,25000.0,TRANSFER,gambling_agent,transfer,True,SEED_011,escalating,1,True
235,80000.0,PAYMENT,merchant,ewallet,False,SEED_011,escalating,1,True
240,20000.0,PAYMENT,gambling_agent,ewallet,True,SEED_011,escalating,1,True
245,75000.0,PAYMENT,merchant,qris,False,SEED_011,escalating,1,True
250,40000.0,TRANSFER,gambling_agent,transfer,True,SEED_011,escalating,1,True
255,20000.0,PAYMENT,gambling_agent,ewallet,True,SEED_011,escalating,1,True
260,30000.0,TRANSFER,gambling_agent,transfer,True,SEED_011,escalating,1,True
270,70000.0,PAYMENT,merchant,ewallet,False,SEED_011,escalating,1,True
280,15000.0,PAYMENT,gambling_agent,ewallet,True,SEED_011,escalating,1,True
290,10000.0,TRANSFER,gambling_agent,transfer,True,SEED_011,escalating,1,True
300,20000.0,PAYMENT,money_mule,ewallet,True,SEED_011,escalating,1,True
310,15000.0,TRANSFER,gambling_agent,transfer,True,SEED_011,escalating,1,True
320,10000.0,PAYMENT,gambling_agent,ewallet,True,SEED_011,escalating,1,True
330,20000.0,TRANSFER,unknown_agent,transfer,True,SEED_011,escalating,1,True
340,10000.0,PAYMENT,gambling_agent,ewallet,True,SEED_011,escalating,1,True
350,15000.0,TRANSFER,money_mule,transfer,True,SEED_011,escalating,1,True
360,10000.0,PAYMENT,gambling_agent,ewallet,True,SEED_011,escalating,1,True
370,10000.0,PAYMENT,unknown_agent,ewallet,True,SEED_011,escalating,1,True
380,25000.0,TRANSFER,gambling_agent,qris,True,SEED_011,escalating,1,True
390,10000.0,PAYMENT,money_mule,ewallet,True,SEED_011,escalating,1,True
400,15000.0,TRANSFER,unknown_agent,transfer,True,SEED_011,escalating,1,True
410,10000.0,TOP_UP,gambling_agent,ewallet,True,SEED_011,escalating,1,True
420,10000.0,PAYMENT,money_mule,ewallet,True,SEED_011,escalating,1,True
430,15000.0,TRANSFER,unknown_agent,qris,True,SEED_011,escalating,1,True
440,10000.0,PAYMENT,gambling_agent,ewallet,True,SEED_011,escalating,1,True
450,10000.0,PAYMENT,money_mule,ewallet,True,SEED_011,escalating,1,True
460,20000.0,TRANSFER,unknown_agent,transfer,True,SEED_011,escalating,1,True
470,10000.0,PAYMENT,money_mule,ewallet,True,SEED_011,escalating,1,True
480,15000.0,TRANSFER,unknown_agent,qris,True,SEED_011,escalating,1,True
490,10000.0,PAYMENT,gambling_agent,ewallet,True,SEED_011,escalating,1,True
500,10000.0,PAYMENT,money_mule,ewallet,True,SEED_011,escalating,1,True
510,15000.0,TRANSFER,unknown_agent,transfer,True,SEED_011,escalating,1,True
520,10000.0,PAYMENT,money_mule,ewallet,True,SEED_011,escalating,1,True
530,10000.0,PAYMENT,gambling_agent,ewallet,True,SEED_011,escalating,1,True
540,20000.0,TRANSFER,unknown_agent,transfer,True,SEED_011,escalating,1,True
550,10000.0,PAYMENT,money_mule,ewallet,True,SEED_011,escalating,1,True
1,250000.0,TRANSFER,family,transfer,False,SEED_012,escalating,1,True
2,50000.0,PAYMENT,merchant,ewallet,False,SEED_012,escalating,1,True
3,150000.0,TOP_UP,merchant,ewallet,False,SEED_012,escalating,1,True
4,300000.0,TRANSFER,family,transfer,False,SEED_012,escalating,1,True
5,200000.0,PAYMENT,merchant,ewallet,False,SEED_012,escalating,1,True
6,50000.0,PAYMENT,merchant,qris,False,SEED_012,escalating,1,True
7,100000.0,TOP_UP,merchant,ewallet,False,SEED_012,escalating,1,True
8,100000.0,PAYMENT,merchant,ewallet,False,SEED_012,escalating,1,True
9,300000.0,TRANSFER,family,transfer,False,SEED_012,escalating,1,True
10,200000.0,TRANSFER,family,transfer,False,SEED_012,escalating,1,True
11,75000.0,PAYMENT,merchant,ewallet,False,SEED_012,escalating,1,True
12,50000.0,PAYMENT,merchant,qris,False,SEED_012,escalating,1,True
13,150000.0,TRANSFER,family,transfer,False,SEED_012,escalating,1,True
14,80000.0,PAYMENT,merchant,ewallet,False,SEED_012,escalating,1,True
15,200000.0,PAYMENT,merchant,ewallet,False,SEED_012,escalating,1,True
16,75000.0,PAYMENT,merchant,ewallet,False,SEED_012,escalating,1,True
17,50000.0,PAYMENT,merchant,qris,False,SEED_012,escalating,1,True
18,150000.0,TOP_UP,merchant,ewallet,False,SEED_012,escalating,1,True
19,100000.0,TOP_UP,merchant,ewallet,False,SEED_012,escalating,1,True
20,300000.0,TRANSFER,family,transfer,False,SEED_012,escalating,1,True
21,20000.0,TRANSFER,gambling_agent,transfer,True,SEED_012,escalating,1,True
22,30000.0,TRANSFER,gambling_agent,ewallet,True,SEED_012,escalating,1,True
23,75000.0,PAYMENT,merchant,qris,False,SEED_012,escalating,1,True
24,80000.0,TRANSFER,gambling_agent,ewallet,True,SEED_012,escalating,1,True
25,50000.0,TRANSFER,gambling_agent,transfer,True,SEED_012,escalating,1,True
26,70000.0,TRANSFER,gambling_agent,ewallet,True,SEED_012,escalating,1,True
27,20000.0,TRANSFER,gambling_agent,ewallet,True,SEED_012,escalating,1,True
28,50000.0,TRANSFER,gambling_agent,ewallet,True,SEED_012,escalating,1,True
29,60000.0,TRANSFER,gambling_agent,transfer,True,SEED_012,escalating,1,True
30,30000.0,TRANSFER,gambling_agent,transfer,True,SEED_012,escalating,1,True
31,50000.0,TRANSFER,gambling_agent,ewallet,True,SEED_012,escalating,1,True
32,30000.0,TRANSFER,gambling_agent,transfer,True,SEED_012,escalating,1,True
33,20000.0,TRANSFER,gambling_agent,ewallet,True,SEED_012,escalating,1,True
34,30000.0,TRANSFER,gambling_agent,ewallet,True,SEED_012,escalating,1,True
35,25000.0,TRANSFER,gambling_agent,transfer,True,SEED_012,escalating,1,True
36,15000.0,TRANSFER,money_mule,transfer,True,SEED_012,escalating,1,True
37,10000.0,TRANSFER,money_mule,ewallet,True,SEED_012,escalating,1,True
38,15000.0,TRANSFER,money_mule,transfer,True,SEED_012,escalating,1,True
39,10000.0,TRANSFER,money_mule,ewallet,True,SEED_012,escalating,1,True
40,20000.0,TRANSFER,money_mule,transfer,True,SEED_012,escalating,1,True
41,20000.0,TRANSFER,unknown_agent,transfer,True,SEED_012,escalating,1,True
42,30000.0,TRANSFER,unknown_agent,ewallet,True,SEED_012,escalating,1,True
43,20000.0,TRANSFER,unknown_agent,ewallet,True,SEED_012,escalating,1,True
44,15000.0,TRANSFER,unknown_agent,ewallet,True,SEED_012,escalating,1,True
45,25000.0,TRANSFER,unknown_agent,transfer,True,SEED_012,escalating,1,True
46,20000.0,TRANSFER,unknown_agent,ewallet,True,SEED_012,escalating,1,True
47,40000.0,TRANSFER,unknown_agent,transfer,True,SEED_012,escalating,1,True
48,10000.0,TRANSFER,unknown_agent,ewallet,True,SEED_012,escalating,1,True
49,15000.0,TRANSFER,unknown_agent,ewallet,True,SEED_012,escalating,1,True
50,10000.0,TRANSFER,unknown_agent,ewallet,True,SEED_012,escalating,1,True
51,15000.0,TRANSFER,unknown_agent,transfer,True,SEED_012,escalating,1,True
52,20000.0,TRANSFER,unknown_agent,ewallet,True,SEED_012,escalating,1,True
53,30000.0,TRANSFER,unknown_agent,ewallet,True,SEED_012,escalating,1,True
54,25000.0,TRANSFER,unknown_agent,transfer,True,SEED_012,escalating,1,True
55,10000.0,TRANSFER,unknown_agent,ewallet,True,SEED_012,escalating,1,True
1,200000.0,TRANSFER,family,ewallet,False,SEED_013,escalating,1,True
2,50000.0,PAYMENT,merchant,qris,False,SEED_013,escalating,1,True
3,150000.0,TRANSFER,family,ewallet,False,SEED_013,escalating,1,True
4,300000.0,TRANSFER,family,ewallet,False,SEED_013,escalating,1,True
5,250000.0,TOP_UP,merchant,ewallet,False,SEED_013,escalating,1,True
6,100000.0,PAYMENT,merchant,qris,False,SEED_013,escalating,1,True
7,150000.0,TRANSFER,family,ewallet,False,SEED_013,escalating,1,True
8,200000.0,TRANSFER,family,ewallet,False,SEED_013,escalating,1,True
9,50000.0,PAYMENT,merchant,qris,False,SEED_013,escalating,1,True
10,300000.0,TRANSFER,family,ewallet,False,SEED_013,escalating,1,True
11,20000.0,TRANSFER,gambling_agent,ewallet,True,SEED_013,escalating,1,True
12,80000.0,TRANSFER,money_mule,ewallet,True,SEED_013,escalating,1,True
13,40000.0,TRANSFER,gambling_agent,ewallet,True,SEED_013,escalating,1,True
14,75000.0,TRANSFER,money_mule,ewallet,True,SEED_013,escalating,1,True
15,30000.0,TRANSFER,gambling_agent,ewallet,True,SEED_013,escalating,1,True
16,60000.0,TRANSFER,money_mule,ewallet,True,SEED_013,escalating,1,True
17,20000.0,TRANSFER,gambling_agent,ewallet,True,SEED_013,escalating,1,True
18,50000.0,TRANSFER,money_mule,ewallet,True,SEED_013,escalating,1,True
19,40000.0,TRANSFER,money_mule,ewallet,True,SEED_013,escalating,1,True
20,30000.0,TRANSFER,gambling_agent,ewallet,True,SEED_013,escalating,1,True
21,10000.0,TRANSFER,money_mule,ewallet,True,SEED_013,escalating,1,True
22,15000.0,TRANSFER,money_mule,ewallet,True,SEED_013,escalating,1,True
23,50000.0,TRANSFER,gambling_agent,ewallet,True,SEED_013,escalating,1,True
24,25000.0,TRANSFER,money_mule,ewallet,True,SEED_013,escalating,1,True
25,20000.0,TRANSFER,unknown_agent,ewallet,True,SEED_013,escalating,1,True
26,10000.0,TRANSFER,unknown_agent,ewallet,True,SEED_013,escalating,1,True
27,50000.0,TRANSFER,money_mule,ewallet,True,SEED_013,escalating,1,True
28,30000.0,TRANSFER,money_mule,ewallet,True,SEED_013,escalating,1,True
29,40000.0,TRANSFER,gambling_agent,ewallet,True,SEED_013,escalating,1,True
30,20000.0,TRANSFER,gambling_agent,ewallet,True,SEED_013,escalating,1,True
31,30000.0,TRANSFER,unknown_agent,ewallet,True,SEED_013,escalating,1,True
32,15000.0,TRANSFER,gambling_agent,ewallet,True,SEED_013,escalating,1,True
33,10000.0,TRANSFER,money_mule,ewallet,True,SEED_013,escalating,1,True
34,25000.0,TRANSFER,money_mule,ewallet,True,SEED_013,escalating,1,True
35,40000.0,TRANSFER,gambling_agent,ewallet,True,SEED_013,escalating,1,True
36,30000.0,TRANSFER,unknown_agent,ewallet,True,SEED_013,escalating,1,True
37,20000.0,TRANSFER,unknown_agent,ewallet,True,SEED_013,escalating,1,True
38,50000.0,TRANSFER,gambling_agent,ewallet,True,SEED_013,escalating,1,True
39,15000.0,TRANSFER,money_mule,ewallet,True,SEED_013,escalating,1,True
40,10000.0,TRANSFER,money_mule,ewallet,True,SEED_013,escalating,1,True
41,25000.0,TRANSFER,unknown_agent,ewallet,True,SEED_013,escalating,1,True
42,35000.0,TRANSFER,money_mule,ewallet,True,SEED_013,escalating,1,True
43,30000.0,TRANSFER,money_mule,ewallet,True,SEED_013,escalating,1,True
44,20000.0,TRANSFER,gambling_agent,ewallet,True,SEED_013,escalating,1,True
45,15000.0,TRANSFER,money_mule,ewallet,True,SEED_013,escalating,1,True
46,40000.0,TRANSFER,unknown_agent,ewallet,True,SEED_013,escalating,1,True
47,25000.0,TRANSFER,unknown_agent,ewallet,True,SEED_013,escalating,1,True
48,10000.0,TRANSFER,money_mule,ewallet,True,SEED_013,escalating,1,True
49,30000.0,TRANSFER,gambling_agent,ewallet,True,SEED_013,escalating,1,True
50,50000.0,TRANSFER,money_mule,ewallet,True,SEED_013,escalating,1,True
51,20000.0,TRANSFER,money_mule,ewallet,True,SEED_013,escalating,1,True
52,35000.0,TRANSFER,gambling_agent,ewallet,True,SEED_013,escalating,1,True
53,40000.0,TRANSFER,unknown_agent,ewallet,True,SEED_013,escalating,1,True
54,10000.0,TRANSFER,money_mule,ewallet,True,SEED_013,escalating,1,True
55,15000.0,TRANSFER,unknown_agent,ewallet,True,SEED_013,escalating,1,True
1,150000.0,PAYMENT,merchant,ewallet,False,SEED_014,escalating,1,True
3,200000.0,TRANSFER,family,ewallet,False,SEED_014,escalating,1,True
5,50000.0,PAYMENT,merchant,qris,False,SEED_014,escalating,1,True
7,300000.0,TRANSFER,family,transfer,False,SEED_014,escalating,1,True
10,75000.0,PAYMENT,merchant,ewallet,False,SEED_014,escalating,1,True
13,250000.0,TRANSFER,family,transfer,False,SEED_014,escalating,1,True
16,50000.0,PAYMENT,merchant,qris,False,SEED_014,escalating,1,True
20,150000.0,TRANSFER,family,ewallet,False,SEED_014,escalating,1,True
24,300000.0,PAYMENT,merchant,ewallet,False,SEED_014,escalating,1,True
28,200000.0,TRANSFER,family,transfer,False,SEED_014,escalating,1,True
32,50000.0,PAYMENT,merchant,qris,False,SEED_014,escalating,1,True
36,75000.0,PAYMENT,merchant,ewallet,False,SEED_014,escalating,1,True
38,300000.0,TRANSFER,family,ewallet,False,SEED_014,escalating,1,True
41,50000.0,PAYMENT,merchant,qris,False,SEED_014,escalating,1,True
45,200000.0,TRANSFER,family,transfer,False,SEED_014,escalating,1,True
49,250000.0,PAYMENT,merchant,ewallet,False,SEED_014,escalating,1,True
53,50000.0,TRANSFER,family,transfer,False,SEED_014,escalating,1,True
57,70000.0,PAYMENT,merchant,qris,False,SEED_014,escalating,1,True
61,15000.0,TRANSFER,gambling_agent,ewallet,True,SEED_014,escalating,1,True
65,25000.0,TRANSFER,gambling_agent,ewallet,True,SEED_014,escalating,1,True
69,18000.0,TRANSFER,gambling_agent,transfer,True,SEED_014,escalating,1,True
73,60000.0,TRANSFER,gambling_agent,transfer,True,SEED_014,escalating,1,True
77,45000.0,TRANSFER,gambling_agent,ewallet,True,SEED_014,escalating,1,True
81,90000.0,TRANSFER,gambling_agent,transfer,True,SEED_014,escalating,1,True
85,75000.0,TRANSFER,gambling_agent,ewallet,True,SEED_014,escalating,1,True
89,30000.0,TRANSFER,gambling_agent,transfer,True,SEED_014,escalating,1,True
93,25000.0,TRANSFER,gambling_agent,ewallet,True,SEED_014,escalating,1,True
97,150000.0,TRANSFER,gambling_agent,transfer,True,SEED_014,escalating,1,True
101,19000.0,TRANSFER,gambling_agent,ewallet,True,SEED_014,escalating,1,True
105,5000.0,TRANSFER,gambling_agent,transfer,True,SEED_014,escalating,1,True
109,10000.0,TRANSFER,money_mule,ewallet,True,SEED_014,escalating,1,True
113,15000.0,TRANSFER,gambling_agent,ewallet,True,SEED_014,escalating,1,True
117,30000.0,TRANSFER,money_mule,transfer,True,SEED_014,escalating,1,True
121,20000.0,TRANSFER,gambling_agent,ewallet,True,SEED_014,escalating,1,True
125,25000.0,TRANSFER,unknown_agent,transfer,True,SEED_014,escalating,1,True
129,40000.0,TRANSFER,unknown_agent,ewallet,True,SEED_014,escalating,1,True
133,35000.0,TRANSFER,gambling_agent,transfer,True,SEED_014,escalating,1,True
137,30000.0,TRANSFER,unknown_agent,ewallet,True,SEED_014,escalating,1,True
141,45000.0,TRANSFER,money_mule,transfer,True,SEED_014,escalating,1,True
145,15000.0,TRANSFER,money_mule,ewallet,True,SEED_014,escalating,1,True
149,22000.0,TRANSFER,unknown_agent,ewallet,True,SEED_014,escalating,1,True
153,17000.0,TRANSFER,unknown_agent,transfer,True,SEED_014,escalating,1,True
157,25000.0,TRANSFER,money_mule,ewallet,True,SEED_014,escalating,1,True
161,20000.0,TRANSFER,gambling_agent,transfer,True,SEED_014,escalating,1,True
165,18000.0,TRANSFER,money_mule,ewallet,True,SEED_014,escalating,1,True
169,21000.0,TRANSFER,unknown_agent,transfer,True,SEED_014,escalating,1,True
173,19000.0,TRANSFER,money_mule,ewallet,True,SEED_014,escalating,1,True
177,40000.0,TRANSFER,gambling_agent,transfer,True,SEED_014,escalating,1,True
181,50000.0,TRANSFER,unknown_agent,transfer,True,SEED_014,escalating,1,True
185,30000.0,TRANSFER,money_mule,ewallet,True,SEED_014,escalating,1,True
189,15000.0,TRANSFER,money_mule,transfer,True,SEED_014,escalating,1,True
1,150000.0,PAYMENT,merchant,ewallet,False,SEED_015,escalating,1,True
5,50000.0,TRANSFER,family,transfer,False,SEED_015,escalating,1,True
9,200000.0,PAYMENT,merchant,qris,False,SEED_015,escalating,1,True
12,75000.0,TRANSFER,family,ewallet,False,SEED_015,escalating,1,True
19,250000.0,PAYMENT,merchant,ewallet,False,SEED_015,escalating,1,True
25,100000.0,TRANSFER,family,transfer,False,SEED_015,escalating,1,True
30,300000.0,PAYMENT,merchant,qris,False,SEED_015,escalating,1,True
34,50000.0,TRANSFER,family,ewallet,False,SEED_015,escalating,1,True
41,150000.0,PAYMENT,merchant,ewallet,False,SEED_015,escalating,1,True
45,250000.0,TRANSFER,family,transfer,False,SEED_015,escalating,1,True
50,200000.0,PAYMENT,merchant,qris,False,SEED_015,escalating,1,True
55,20000.0,TRANSFER,unknown_agent,ewallet,True,SEED_015,escalating,1,True
60,50000.0,TRANSFER,gambling_agent,ewallet,True,SEED_015,escalating,1,True
65,20000.0,TRANSFER,gambling_agent,transfer,True,SEED_015,escalating,1,True
70,30000.0,TRANSFER,money_mule,ewallet,True,SEED_015,escalating,1,True
73,20000.0,TRANSFER,unknown_agent,ewallet,True,SEED_015,escalating,1,True
77,80000.0,TRANSFER,gambling_agent,ewallet,True,SEED_015,escalating,1,True
82,30000.0,TRANSFER,money_mule,transfer,True,SEED_015,escalating,1,True
84,40000.0,TRANSFER,gambling_agent,ewallet,True,SEED_015,escalating,1,True
87,70000.0,TRANSFER,gambling_agent,ewallet,True,SEED_015,escalating,1,True
92,30000.0,TRANSFER,unknown_agent,ewallet,True,SEED_015,escalating,1,True
96,10000.0,TRANSFER,money_mule,ewallet,True,SEED_015,escalating,1,True
100,50000.0,TRANSFER,gambling_agent,ewallet,True,SEED_015,escalating,1,True
103,20000.0,TRANSFER,unknown_agent,transfer,True,SEED_015,escalating,1,True
110,15000.0,TRANSFER,money_mule,ewallet,True,SEED_015,escalating,1,True
115,25000.0,TRANSFER,gambling_agent,ewallet,True,SEED_015,escalating,1,True
118,40000.0,TRANSFER,gambling_agent,ewallet,True,SEED_015,escalating,1,True
121,30000.0,TRANSFER,unknown_agent,ewallet,True,SEED_015,escalating,1,True
124,15000.0,TRANSFER,money_mule,ewallet,True,SEED_015,escalating,1,True
130,50000.0,TRANSFER,gambling_agent,ewallet,True,SEED_015,escalating,1,True
135,10000.0,TRANSFER,money_mule,transfer,True,SEED_015,escalating,1,True
140,20000.0,TRANSFER,unknown_agent,ewallet,True,SEED_015,escalating,1,True
145,30000.0,TRANSFER,gambling_agent,ewallet,True,SEED_015,escalating,1,True
150,40000.0,TRANSFER,money_mule,ewallet,True,SEED_015,escalating,1,True
155,50000.0,TRANSFER,gambling_agent,ewallet,True,SEED_015,escalating,1,True
160,20000.0,TRANSFER,unknown_agent,ewallet,True,SEED_015,escalating,1,True
165,15000.0,TRANSFER,money_mule,transfer,True,SEED_015,escalating,1,True
170,45000.0,TRANSFER,gambling_agent,ewallet,True,SEED_015,escalating,1,True
175,10000.0,TRANSFER,money_mule,ewallet,True,SEED_015,escalating,1,True
180,25000.0,TRANSFER,unknown_agent,ewallet,True,SEED_015,escalating,1,True
185,50000.0,TRANSFER,gambling_agent,ewallet,True,SEED_015,escalating,1,True
190,10000.0,TRANSFER,money_mule,transfer,True,SEED_015,escalating,1,True
195,20000.0,TRANSFER,unknown_agent,ewallet,True,SEED_015,escalating,1,True
200,30000.0,TRANSFER,gambling_agent,ewallet,True,SEED_015,escalating,1,True
205,40000.0,TRANSFER,money_mule,ewallet,True,SEED_015,escalating,1,True
210,50000.0,TRANSFER,gambling_agent,ewallet,True,SEED_015,escalating,1,True
215,20000.0,TRANSFER,unknown_agent,ewallet,True,SEED_015,escalating,1,True
220,15000.0,TRANSFER,money_mule,transfer,True,SEED_015,escalating,1,True
225,45000.0,TRANSFER,gambling_agent,ewallet,True,SEED_015,escalating,1,True
230,10000.0,TRANSFER,money_mule,ewallet,True,SEED_015,escalating,1,True
235,25000.0,TRANSFER,unknown_agent,ewallet,True,SEED_015,escalating,1,True
1,500000.0,TOP_UP,merchant,ewallet,False,SEED_016,heavy_gambler,1,True
3,20000.0,TRANSFER,gambling_agent,qris,True,SEED_016,heavy_gambler,1,True
5,30000.0,TRANSFER,gambling_agent,qris,True,SEED_016,heavy_gambler,1,True
7,15000.0,TRANSFER,gambling_agent,qris,True,SEED_016,heavy_gambler,1,True
9,45000.0,TRANSFER,gambling_agent,qris,True,SEED_016,heavy_gambler,1,True
11,10000.0,TRANSFER,gambling_agent,qris,True,SEED_016,heavy_gambler,1,True
14,35000.0,TRANSFER,gambling_agent,qris,True,SEED_016,heavy_gambler,1,True
16,40000.0,TRANSFER,gambling_agent,qris,True,SEED_016,heavy_gambler,1,True
18,25000.0,TRANSFER,gambling_agent,qris,True,SEED_016,heavy_gambler,1,True
20,50000.0,TRANSFER,money_mule,qris,True,SEED_016,heavy_gambler,1,True
23,250000.0,TOP_UP,merchant,ewallet,False,SEED_016,heavy_gambler,1,True
25,10000.0,TRANSFER,gambling_agent,qris,True,SEED_016,heavy_gambler,1,True
27,30000.0,TRANSFER,gambling_agent,qris,True,SEED_016,heavy_gambler,1,True
29,20000.0,TRANSFER,gambling_agent,qris,True,SEED_016,heavy_gambler,1,True
31,45000.0,TRANSFER,gambling_agent,qris,True,SEED_016,heavy_gambler,1,True
33,15000.0,TRANSFER,gambling_agent,qris,True,SEED_016,heavy_gambler,1,True
35,35000.0,TRANSFER,money_mule,qris,True,SEED_016,heavy_gambler,1,True
37,50000.0,TRANSFER,money_mule,qris,True,SEED_016,heavy_gambler,1,True
39,25000.0,TRANSFER,gambling_agent,qris,True,SEED_016,heavy_gambler,1,True
42,500000.0,TOP_UP,merchant,ewallet,False,SEED_016,heavy_gambler,1,True
44,20000.0,TRANSFER,gambling_agent,qris,True,SEED_016,heavy_gambler,1,True
46,10000.0,TRANSFER,gambling_agent,qris,True,SEED_016,heavy_gambler,1,True
48,30000.0,TRANSFER,gambling_agent,qris,True,SEED_016,heavy_gambler,1,True
50,25000.0,TRANSFER,gambling_agent,qris,True,SEED_016,heavy_gambler,1,True
52,45000.0,TRANSFER,gambling_agent,qris,True,SEED_016,heavy_gambler,1,True
55,20000.0,TRANSFER,gambling_agent,qris,True,SEED_016,heavy_gambler,1,True
57,15000.0,TRANSFER,money_mule,qris,True,SEED_016,heavy_gambler,1,True
59,35000.0,TRANSFER,gambling_agent,qris,True,SEED_016,heavy_gambler,1,True
61,50000.0,TRANSFER,money_mule,qris,True,SEED_016,heavy_gambler,1,True
63,250000.0,TOP_UP,merchant,ewallet,False,SEED_016,heavy_gambler,1,True
66,10000.0,TRANSFER,gambling_agent,qris,True,SEED_016,heavy_gambler,1,True
68,20000.0,TRANSFER,gambling_agent,qris,True,SEED_016,heavy_gambler,1,True
70,30000.0,TRANSFER,gambling_agent,qris,True,SEED_016,heavy_gambler,1,True
72,15000.0,TRANSFER,gambling_agent,qris,True,SEED_016,heavy_gambler,1,True
74,45000.0,TRANSFER,gambling_agent,qris,True,SEED_016,heavy_gambler,1,True
76,35000.0,TRANSFER,money_mule,qris,True,SEED_016,heavy_gambler,1,True
78,50000.0,TRANSFER,money_mule,qris,True,SEED_016,heavy_gambler,1,True
80,25000.0,TRANSFER,money_mule,qris,True,SEED_016,heavy_gambler,1,True
83,500000.0,TOP_UP,merchant,ewallet,False,SEED_016,heavy_gambler,1,True
85,10000.0,TRANSFER,gambling_agent,qris,True,SEED_016,heavy_gambler,1,True
87,20000.0,TRANSFER,gambling_agent,qris,True,SEED_016,heavy_gambler,1,True
89,30000.0,TRANSFER,gambling_agent,qris,True,SEED_016,heavy_gambler,1,True
91,45000.0,TRANSFER,gambling_agent,qris,True,SEED_016,heavy_gambler,1,True
93,25000.0,TRANSFER,money_mule,qris,True,SEED_016,heavy_gambler,1,True
1,50000.0,TOP_UP,merchant,ewallet,False,SEED_017,heavy_gambler,1,True
10,20000.0,TRANSFER,gambling_agent,qris,True,SEED_017,heavy_gambler,1,True
15,10000.0,TRANSFER,gambling_agent,qris,True,SEED_017,heavy_gambler,1,True
20,5000.0,TRANSFER,gambling_agent,qris,True,SEED_017,heavy_gambler,1,True
25,15000.0,TRANSFER,gambling_agent,qris,True,SEED_017,heavy_gambler,1,True
30,25000.0,TRANSFER,gambling_agent,qris,True,SEED_017,heavy_gambler,1,True
35,50000.0,TOP_UP,merchant,ewallet,False,SEED_017,heavy_gambler,1,True
40,20000.0,TRANSFER,gambling_agent,qris,True,SEED_017,heavy_gambler,1,True
45,30000.0,TRANSFER,gambling_agent,qris,True,SEED_017,heavy_gambler,1,True
50,10000.0,TRANSFER,money_mule,qris,True,SEED_017,heavy_gambler,1,True
55,15000.0,TRANSFER,gambling_agent,qris,True,SEED_017,heavy_gambler,1,True
60,40000.0,TOP_UP,merchant,ewallet,False,SEED_017,heavy_gambler,1,True
65,10000.0,TRANSFER,money_mule,qris,True,SEED_017,heavy_gambler,1,True
70,20000.0,TRANSFER,gambling_agent,qris,True,SEED_017,heavy_gambler,1,True
75,25000.0,TRANSFER,gambling_agent,qris,True,SEED_017,heavy_gambler,1,True
80,10000.0,TRANSFER,money_mule,qris,True,SEED_017,heavy_gambler,1,True
85,15000.0,TRANSFER,gambling_agent,qris,True,SEED_017,heavy_gambler,1,True
90,50000.0,TOP_UP,merchant,ewallet,False,SEED_017,heavy_gambler,1,True
95,30000.0,TRANSFER,gambling_agent,qris,True,SEED_017,heavy_gambler,1,True
100,15000.0,TRANSFER,money_mule,qris,True,SEED_017,heavy_gambler,1,True
105,50000.0,TRANSFER,gambling_agent,qris,True,SEED_017,heavy_gambler,1,True
110,25000.0,TRANSFER,gambling_agent,qris,True,SEED_017,heavy_gambler,1,True
115,10000.0,TRANSFER,gambling_agent,qris,True,SEED_017,heavy_gambler,1,True
120,50000.0,TOP_UP,merchant,ewallet,False,SEED_017,heavy_gambler,1,True
125,20000.0,TRANSFER,money_mule,qris,True,SEED_017,heavy_gambler,1,True
130,10000.0,TRANSFER,gambling_agent,qris,True,SEED_017,heavy_gambler,1,True
135,30000.0,TRANSFER,gambling_agent,qris,True,SEED_017,heavy_gambler,1,True
140,15000.0,TRANSFER,money_mule,qris,True,SEED_017,heavy_gambler,1,True
145,20000.0,TRANSFER,gambling_agent,qris,True,SEED_017,heavy_gambler,1,True
150,50000.0,TOP_UP,merchant,ewallet,False,SEED_017,heavy_gambler,1,True
155,25000.0,TRANSFER,gambling_agent,qris,True,SEED_017,heavy_gambler,1,True
160,30000.0,TRANSFER,gambling_agent,qris,True,SEED_017,heavy_gambler,1,True
165,10000.0,TRANSFER,money_mule,qris,True,SEED_017,heavy_gambler,1,True
170,20000.0,TRANSFER,gambling_agent,qris,True,SEED_017,heavy_gambler,1,True
175,15000.0,TRANSFER,money_mule,qris,True,SEED_017,heavy_gambler,1,True
180,50000.0,TOP_UP,merchant,ewallet,False,SEED_017,heavy_gambler,1,True
185,15000.0,TRANSFER,money_mule,qris,True,SEED_017,heavy_gambler,1,True
190,10000.0,TRANSFER,gambling_agent,qris,True,SEED_017,heavy_gambler,1,True
195,25000.0,TRANSFER,gambling_agent,qris,True,SEED_017,heavy_gambler,1,True
200,30000.0,TRANSFER,gambling_agent,qris,True,SEED_017,heavy_gambler,1,True
205,50000.0,TOP_UP,merchant,ewallet,False,SEED_017,heavy_gambler,1,True
210,15000.0,TRANSFER,money_mule,qris,True,SEED_017,heavy_gambler,1,True
215,10000.0,TRANSFER,gambling_agent,qris,True,SEED_017,heavy_gambler,1,True
220,30000.0,TRANSFER,gambling_agent,qris,True,SEED_017,heavy_gambler,1,True
225,20000.0,TRANSFER,money_mule,qris,True,SEED_017,heavy_gambler,1,True
1,50000.0,TOP_UP,merchant,qris,False,SEED_018,heavy_gambler,1,True
5,10000.0,TRANSFER,gambling_agent,qris,True,SEED_018,heavy_gambler,1,True
6,20000.0,TRANSFER,gambling_agent,qris,True,SEED_018,heavy_gambler,1,True
8,15000.0,TRANSFER,gambling_agent,qris,True,SEED_018,heavy_gambler,1,True
10,50000.0,TOP_UP,merchant,qris,False,SEED_018,heavy_gambler,1,True
12,30000.0,TRANSFER,gambling_agent,qris,True,SEED_018,heavy_gambler,1,True
15,5000.0,TRANSFER,gambling_agent,qris,True,SEED_018,heavy_gambler,1,True
18,35000.0,TRANSFER,gambling_agent,qris,True,SEED_018,heavy_gambler,1,True
20,25000.0,TRANSFER,gambling_agent,qris,True,SEED_018,heavy_gambler,1,True
25,50000.0,TOP_UP,merchant,qris,False,SEED_018,heavy_gambler,1,True
27,20000.0,TRANSFER,gambling_agent,qris,True,SEED_018,heavy_gambler,1,True
30,10000.0,TRANSFER,gambling_agent,qris,True,SEED_018,heavy_gambler,1,True
32,50000.0,TRANSFER,gambling_agent,qris,True,SEED_018,heavy_gambler,1,True
35,15000.0,TRANSFER,gambling_agent,qris,True,SEED_018,heavy_gambler,1,True
38,50000.0,TOP_UP,merchant,qris,False,SEED_018,heavy_gambler,1,True
40,20000.0,TRANSFER,gambling_agent,qris,True,SEED_018,heavy_gambler,1,True
42,40000.0,TRANSFER,gambling_agent,qris,True,SEED_018,heavy_gambler,1,True
45,10000.0,TRANSFER,gambling_agent,qris,True,SEED_018,heavy_gambler,1,True
47,50000.0,TOP_UP,merchant,qris,False,SEED_018,heavy_gambler,1,True
50,30000.0,TRANSFER,gambling_agent,qris,True,SEED_018,heavy_gambler,1,True
53,5000.0,TRANSFER,gambling_agent,qris,True,SEED_018,heavy_gambler,1,True
55,25000.0,TRANSFER,gambling_agent,qris,True,SEED_018,heavy_gambler,1,True
58,50000.0,TOP_UP,merchant,qris,False,SEED_018,heavy_gambler,1,True
60,15000.0,TRANSFER,gambling_agent,qris,True,SEED_018,heavy_gambler,1,True
65,45000.0,TRANSFER,gambling_agent,qris,True,SEED_018,heavy_gambler,1,True
67,50000.0,TRANSFER,gambling_agent,qris,True,SEED_018,heavy_gambler,1,True
70,10000.0,TRANSFER,gambling_agent,qris,True,SEED_018,heavy_gambler,1,True
73,50000.0,TOP_UP,merchant,qris,False,SEED_018,heavy_gambler,1,True
75,20000.0,TRANSFER,gambling_agent,qris,True,SEED_018,heavy_gambler,1,True
80,35000.0,TRANSFER,gambling_agent,qris,True,SEED_018,heavy_gambler,1,True
82,10000.0,TRANSFER,gambling_agent,qris,True,SEED_018,heavy_gambler,1,True
85,50000.0,TOP_UP,merchant,qris,False,SEED_018,heavy_gambler,1,True
88,30000.0,TRANSFER,gambling_agent,qris,True,SEED_018,heavy_gambler,1,True
90,5000.0,TRANSFER,gambling_agent,qris,True,SEED_018,heavy_gambler,1,True
95,40000.0,TRANSFER,gambling_agent,qris,True,SEED_018,heavy_gambler,1,True
100,50000.0,TOP_UP,merchant,qris,False,SEED_018,heavy_gambler,1,True
103,15000.0,TRANSFER,gambling_agent,qris,True,SEED_018,heavy_gambler,1,True
105,50000.0,TRANSFER,gambling_agent,qris,True,SEED_018,heavy_gambler,1,True
108,10000.0,TRANSFER,gambling_agent,qris,True,SEED_018,heavy_gambler,1,True
110,50000.0,TOP_UP,merchant,qris,False,SEED_018,heavy_gambler,1,True
112,20000.0,TRANSFER,gambling_agent,qris,True,SEED_018,heavy_gambler,1,True
115,40000.0,TRANSFER,gambling_agent,qris,True,SEED_018,heavy_gambler,1,True
117,10000.0,TRANSFER,gambling_agent,qris,True,SEED_018,heavy_gambler,1,True
120,50000.0,TRANSFER,gambling_agent,qris,True,SEED_018,heavy_gambler,1,True
1,50000.0,TOP_UP,merchant,qris,False,SEED_019,heavy_gambler,1,True
2,25000.0,TRANSFER,gambling_agent,qris,True,SEED_019,heavy_gambler,1,True
3,15000.0,TRANSFER,gambling_agent,qris,True,SEED_019,heavy_gambler,1,True
4,30000.0,TRANSFER,gambling_agent,qris,True,SEED_019,heavy_gambler,1,True
5,10000.0,TRANSFER,gambling_agent,qris,True,SEED_019,heavy_gambler,1,True
6,20000.0,TRANSFER,gambling_agent,qris,True,SEED_019,heavy_gambler,1,True
7,30000.0,TRANSFER,gambling_agent,qris,True,SEED_019,heavy_gambler,1,True
8,10000.0,TRANSFER,gambling_agent,qris,True,SEED_019,heavy_gambler,1,True
9,50000.0,TOP_UP,merchant,qris,False,SEED_019,heavy_gambler,1,True
10,25000.0,TRANSFER,gambling_agent,qris,True,SEED_019,heavy_gambler,1,True
11,15000.0,TRANSFER,gambling_agent,qris,True,SEED_019,heavy_gambler,1,True
12,30000.0,TRANSFER,gambling_agent,qris,True,SEED_019,heavy_gambler,1,True
13,20000.0,TRANSFER,gambling_agent,qris,True,SEED_019,heavy_gambler,1,True
14,10000.0,TRANSFER,gambling_agent,qris,True,SEED_019,heavy_gambler,1,True
15,50000.0,TOP_UP,merchant,qris,False,SEED_019,heavy_gambler,1,True
16,25000.0,TRANSFER,gambling_agent,qris,True,SEED_019,heavy_gambler,1,True
17,30000.0,TRANSFER,gambling_agent,qris,True,SEED_019,heavy_gambler,1,True
18,15000.0,TRANSFER,gambling_agent,qris,True,SEED_019,heavy_gambler,1,True
19,20000.0,TRANSFER,gambling_agent,qris,True,SEED_019,heavy_gambler,1,True
20,10000.0,TRANSFER,gambling_agent,qris,True,SEED_019,heavy_gambler,1,True
21,50000.0,TOP_UP,merchant,qris,False,SEED_019,heavy_gambler,1,True
22,30000.0,TRANSFER,gambling_agent,qris,True,SEED_019,heavy_gambler,1,True
23,25000.0,TRANSFER,gambling_agent,qris,True,SEED_019,heavy_gambler,1,True
24,10000.0,TRANSFER,gambling_agent,qris,True,SEED_019,heavy_gambler,1,True
25,15000.0,TRANSFER,gambling_agent,qris,True,SEED_019,heavy_gambler,1,True
26,20000.0,TRANSFER,gambling_agent,qris,True,SEED_019,heavy_gambler,1,True
27,50000.0,TOP_UP,merchant,qris,False,SEED_019,heavy_gambler,1,True
28,30000.0,TRANSFER,gambling_agent,qris,True,SEED_019,heavy_gambler,1,True
29,15000.0,TRANSFER,gambling_agent,qris,True,SEED_019,heavy_gambler,1,True
30,25000.0,TRANSFER,gambling_agent,qris,True,SEED_019,heavy_gambler,1,True
31,10000.0,TRANSFER,gambling_agent,qris,True,SEED_019,heavy_gambler,1,True
32,20000.0,TRANSFER,gambling_agent,qris,True,SEED_019,heavy_gambler,1,True
33,50000.0,TOP_UP,merchant,qris,False,SEED_019,heavy_gambler,1,True
34,30000.0,TRANSFER,gambling_agent,qris,True,SEED_019,heavy_gambler,1,True
35,10000.0,TRANSFER,gambling_agent,qris,True,SEED_019,heavy_gambler,1,True
36,25000.0,TRANSFER,gambling_agent,qris,True,SEED_019,heavy_gambler,1,True
37,15000.0,TRANSFER,gambling_agent,qris,True,SEED_019,heavy_gambler,1,True
38,20000.0,TRANSFER,gambling_agent,qris,True,SEED_019,heavy_gambler,1,True
39,50000.0,TOP_UP,merchant,qris,False,SEED_019,heavy_gambler,1,True
40,30000.0,TRANSFER,gambling_agent,qris,True,SEED_019,heavy_gambler,1,True
41,25000.0,TRANSFER,gambling_agent,qris,True,SEED_019,heavy_gambler,1,True
42,10000.0,TRANSFER,gambling_agent,qris,True,SEED_019,heavy_gambler,1,True
43,15000.0,TRANSFER,gambling_agent,qris,True,SEED_019,heavy_gambler,1,True
44,20000.0,TRANSFER,gambling_agent,qris,True,SEED_019,heavy_gambler,1,True
45,30000.0,TRANSFER,gambling_agent,qris,True,SEED_019,heavy_gambler,1,True
1,500000.0,TOP_UP,merchant,ewallet,False,SEED_020,heavy_gambler,1,True
2,25000.0,TRANSFER,gambling_agent,qris,True,SEED_020,heavy_gambler,1,True
3,30000.0,TRANSFER,gambling_agent,qris,True,SEED_020,heavy_gambler,1,True
4,20000.0,TRANSFER,gambling_agent,qris,True,SEED_020,heavy_gambler,1,True
5,40000.0,TRANSFER,gambling_agent,qris,True,SEED_020,heavy_gambler,1,True
6,15000.0,TRANSFER,gambling_agent,qris,True,SEED_020,heavy_gambler,1,True
7,50000.0,TRANSFER,gambling_agent,qris,True,SEED_020,heavy_gambler,1,True
8,10000.0,TRANSFER,gambling_agent,qris,True,SEED_020,heavy_gambler,1,True
9,35000.0,TRANSFER,gambling_agent,qris,True,SEED_020,heavy_gambler,1,True
10,30000.0,TRANSFER,gambling_agent,qris,True,SEED_020,heavy_gambler,1,True
11,400000.0,TOP_UP,merchant,ewallet,False,SEED_020,heavy_gambler,1,True
12,25000.0,TRANSFER,gambling_agent,qris,True,SEED_020,heavy_gambler,1,True
13,20000.0,TRANSFER,gambling_agent,qris,True,SEED_020,heavy_gambler,1,True
14,40000.0,TRANSFER,gambling_agent,qris,True,SEED_020,heavy_gambler,1,True
15,15000.0,TRANSFER,gambling_agent,qris,True,SEED_020,heavy_gambler,1,True
16,50000.0,TRANSFER,gambling_agent,qris,True,SEED_020,heavy_gambler,1,True
17,10000.0,TRANSFER,gambling_agent,qris,True,SEED_020,heavy_gambler,1,True
18,35000.0,TRANSFER,gambling_agent,qris,True,SEED_020,heavy_gambler,1,True
19,30000.0,TRANSFER,gambling_agent,qris,True,SEED_020,heavy_gambler,1,True
20,50000.0,TRANSFER,gambling_agent,qris,True,SEED_020,heavy_gambler,1,True
21,450000.0,TOP_UP,merchant,ewallet,False,SEED_020,heavy_gambler,1,True
22,15000.0,TRANSFER,gambling_agent,qris,True,SEED_020,heavy_gambler,1,True
23,20000.0,TRANSFER,gambling_agent,qris,True,SEED_020,heavy_gambler,1,True
24,40000.0,TRANSFER,gambling_agent,qris,True,SEED_020,heavy_gambler,1,True
25,35000.0,TRANSFER,gambling_agent,qris,True,SEED_020,heavy_gambler,1,True
26,50000.0,TRANSFER,gambling_agent,qris,True,SEED_020,heavy_gambler,1,True
27,10000.0,TRANSFER,gambling_agent,qris,True,SEED_020,heavy_gambler,1,True
28,25000.0,TRANSFER,gambling_agent,qris,True,SEED_020,heavy_gambler,1,True
29,30000.0,TRANSFER,gambling_agent,qris,True,SEED_020,heavy_gambler,1,True
30,400000.0,TOP_UP,merchant,ewallet,False,SEED_020,heavy_gambler,1,True
31,25000.0,TRANSFER,gambling_agent,qris,True,SEED_020,heavy_gambler,1,True
32,20000.0,TRANSFER,gambling_agent,qris,True,SEED_020,heavy_gambler,1,True
33,40000.0,TRANSFER,gambling_agent,qris,True,SEED_020,heavy_gambler,1,True
34,15000.0,TRANSFER,gambling_agent,qris,True,SEED_020,heavy_gambler,1,True
35,50000.0,TRANSFER,gambling_agent,qris,True,SEED_020,heavy_gambler,1,True
36,10000.0,TRANSFER,gambling_agent,qris,True,SEED_020,heavy_gambler,1,True
37,35000.0,TRANSFER,gambling_agent,qris,True,SEED_020,heavy_gambler,1,True
38,30000.0,TRANSFER,gambling_agent,qris,True,SEED_020,heavy_gambler,1,True
39,50000.0,TRANSFER,gambling_agent,qris,True,SEED_020,heavy_gambler,1,True
40,450000.0,TOP_UP,merchant,ewallet,False,SEED_020,heavy_gambler,1,True
41,20000.0,TRANSFER,gambling_agent,qris,True,SEED_020,heavy_gambler,1,True
42,15000.0,TRANSFER,gambling_agent,qris,True,SEED_020,heavy_gambler,1,True
43,30000.0,TRANSFER,gambling_agent,qris,True,SEED_020,heavy_gambler,1,True
44,25000.0,TRANSFER,gambling_agent,qris,True,SEED_020,heavy_gambler,1,True
45,50000.0,TRANSFER,gambling_agent,qris,True,SEED_020,heavy_gambler,1,True
